Post URL,Keyword
https://i.redd.it/d1mwkvg9zzee1.jpeg,deepseek
https://v.redd.it/r4eae67h4zfe1,deepseek
https://www.the-independent.com/tech/deepseek-ai-us-ban-prison-b2692396.html,deepseek
https://www.reddit.com/r/ChatGPTJailbreak/comments/1jxedal/why_is_no_one_talking_about_deepseek_ai_anymore/,deepseek
https://i.redd.it/k7rjd9uubike1.jpeg,deepseek
https://www.reddit.com/r/SillyTavernAI/comments/1kfxdc1/opinion_deepseek_models_are_overrated/,deepseek
https://www.reddit.com/r/SillyTavernAI/comments/1ji9cxc/whats_the_catch_w_deepseek/,deepseek
https://www.reddit.com/r/Chub_AI/comments/1k32f2f/finally_tried_deepseek_v30324_free_results_have/,deepseek
https://www.reddit.com/r/SillyTavernAI/comments/1jxttc1/use_this_free_deepseek_v3_after_openrouters_50/,deepseek
https://www.reddit.com/r/SillyTavernAI/comments/1jk8ppf/deepseek_v3_0324_is_incredible/,deepseek
https://www.ft.com/content/a0dfedd1-5255-4fa9-8ccc-1fe01de87ea6,deepseek
https://www.bloomberg.com/news/articles/2025-01-27/nasdaq-futures-slump-as-china-s-deepseek-sparks-us-tech-concern,deepseek
https://www.404media.co/openai-furious-deepseek-might-have-stolen-all-the-data-openai-stole-from-us/,deepseek
https://i.redd.it/8839zcwx8mge1.png,deepseek
https://techstartups.com/2025/01/24/meta-ai-in-panic-mode-as-free-open-source-deepseek-outperforms-at-a-fraction-of-the-cost/,deepseek
https://www.cnbc.com/2025/01/27/deepseek-hit-with-large-scale-cyberattack-says-its-limiting-registrations.html,deepseek
https://www.reuters.com/technology/chinas-deepseek-sets-off-ai-market-rout-2025-01-27/,deepseek
https://www.theguardian.com/commentisfree/2025/feb/02/deepseek-ai-veil-of-mystique-tech-bros-fear,deepseek
https://i.redd.it/rdcz4yv79mge1.png,deepseek
https://koreajoongangdaily.joins.com/news/2025-02-17/business/industry/DeepSeek-sent-user-data-to-ByteDance-Korean-probe-finds/2243893,deepseek
https://www.reddit.com/gallery/1ichm8v,deepseek
https://i.redd.it/krzznjfd09ie1.jpeg,deepseek
https://www.404media.co/openai-furious-deepseek-might-have-stolen-all-the-data-openai-stole-from-us/,deepseek
https://i.redd.it/qvw1ryfedrfe1.png,deepseek
https://i.redd.it/n63fsur6yage1.png,deepseek
https://www.cnbc.com/2025/01/27/nvidia-falls-10percent-in-premarket-trading-as-chinas-deepseek-triggers-global-tech-sell-off.html,deepseek
https://www.theguardian.com/business/live/2025/jan/27/gsk-deal-oxford-university-cancer-vaccines-dollar-rises-after-trump-u-turn-colombia-tariffs-business-live?CMP=share_btn_url,deepseek
https://techcrunch.com/2025/01/27/viral-ai-company-deepseek-releases-new-image-model-family/,deepseek
https://www.pcmag.com/news/deepseek-fails-every-safety-test-thrown-at-it-by-researchers,deepseek
https://v.redd.it/o5tlxocoz9oe1,deepseek
https://i.redd.it/s3bu2u60axie1.png,deepseek
https://i.redd.it/sjwemucmmpge1.jpeg,deepseek
https://gizmodo.com/openai-claims-deepseek-plagiarized-its-plagiarism-machine-2000556339,deepseek
https://fortune.com/2025/02/01/sam-altman-openai-open-source-strategy-after-deepseek-shock/,deepseek
https://www.reddit.com/r/singularity/comments/1i9qrjq/the_reason_why_everyone_is_excited_for_deepseek/,deepseek
https://www.theguardian.com/business/live/2025/jan/27/gsk-deal-oxford-university-cancer-vaccines-dollar-rises-after-trump-u-turn-colombia-tariffs-business-live?CMP=share_btn_url,deepseek
https://economictimes.indiatimes.com/markets/stocks/news/worlds-richest-people-lose-108-billion-after-deepseek-selloff/articleshow/117615451.cms,deepseek
https://v.redd.it/pny013c1o1ge1,deepseek
https://www.pcmag.com/news/deepseek-fails-every-safety-test-thrown-at-it-by-researchers,deepseek
https://i.redd.it/fbd43mw8vage1.png,deepseek
https://www.cnbc.com/2025/01/24/how-chinas-new-ai-model-deepseek-is-threatening-us-dominance.html,deepseek
https://www.reddit.com/r/Superstonk/comments/1ibh59f/nvidia_deepseek_is_the_cover_story/,deepseek
https://www.404media.co/senator-hawley-proposes-jail-time-for-people-who-download-deepseek/,deepseek
https://www.cnbc.com/2025/01/27/deepseek-hit-with-large-scale-cyberattack-says-its-limiting-registrations.html?__source=iosappshare%7Ccom.apple.UIKit.activity.CopyToPasteboard,deepseek
https://techstartups.com/2025/01/31/deepseek-r1-reproduced-for-30-berkeley-researchers-replicate-deepseek-r1-for-30-casting-doubt-on-h100-claims-and-controversy/,deepseek
https://www.reddit.com/r/stocks/comments/1ib4d40/what_is_chinas_deepseek_and_why_is_it_freaking/,deepseek
https://darioamodei.com/on-deepseek-and-export-controls,deepseek
https://i.redd.it/syeh0rmm3fke1.jpeg,deepseek
https://www.reddit.com/r/investing/comments/1ibf2mt/markets_are_overreacting_to_deepseek/,deepseek
https://i.redd.it/c9ek0cykdlfe1.jpeg,deepseek
https://i.redd.it/d1mwkvg9zzee1.jpeg,deepseek
https://v.redd.it/r4eae67h4zfe1,deepseek
https://www.the-independent.com/tech/deepseek-ai-us-ban-prison-b2692396.html,deepseek
https://www.reddit.com/r/ChatGPTJailbreak/comments/1jxedal/why_is_no_one_talking_about_deepseek_ai_anymore/,deepseek
https://i.redd.it/k7rjd9uubike1.jpeg,deepseek
https://www.reddit.com/r/SillyTavernAI/comments/1kfxdc1/opinion_deepseek_models_are_overrated/,deepseek
https://www.reddit.com/r/SillyTavernAI/comments/1ji9cxc/whats_the_catch_w_deepseek/,deepseek
https://www.reddit.com/r/Chub_AI/comments/1k32f2f/finally_tried_deepseek_v30324_free_results_have/,deepseek
https://www.reddit.com/r/SillyTavernAI/comments/1jxttc1/use_this_free_deepseek_v3_after_openrouters_50/,deepseek
https://www.reddit.com/r/SillyTavernAI/comments/1jk8ppf/deepseek_v3_0324_is_incredible/,deepseek
https://www.ft.com/content/a0dfedd1-5255-4fa9-8ccc-1fe01de87ea6,deepseek
https://www.bloomberg.com/news/articles/2025-01-27/nasdaq-futures-slump-as-china-s-deepseek-sparks-us-tech-concern,deepseek
https://www.404media.co/openai-furious-deepseek-might-have-stolen-all-the-data-openai-stole-from-us/,deepseek
https://i.redd.it/8839zcwx8mge1.png,deepseek
https://techstartups.com/2025/01/24/meta-ai-in-panic-mode-as-free-open-source-deepseek-outperforms-at-a-fraction-of-the-cost/,deepseek
https://i.redd.it/d1mwkvg9zzee1.jpeg,deepseek
https://v.redd.it/r4eae67h4zfe1,deepseek
https://www.the-independent.com/tech/deepseek-ai-us-ban-prison-b2692396.html,deepseek
https://www.reddit.com/r/ChatGPTJailbreak/comments/1jxedal/why_is_no_one_talking_about_deepseek_ai_anymore/,deepseek
https://i.redd.it/k7rjd9uubike1.jpeg,deepseek
https://www.reddit.com/r/SillyTavernAI/comments/1kfxdc1/opinion_deepseek_models_are_overrated/,deepseek
https://www.reddit.com/r/SillyTavernAI/comments/1ji9cxc/whats_the_catch_w_deepseek/,deepseek
https://www.reddit.com/r/Chub_AI/comments/1k32f2f/finally_tried_deepseek_v30324_free_results_have/,deepseek
https://www.reddit.com/r/SillyTavernAI/comments/1jxttc1/use_this_free_deepseek_v3_after_openrouters_50/,deepseek
https://www.reddit.com/r/SillyTavernAI/comments/1jk8ppf/deepseek_v3_0324_is_incredible/,deepseek
https://www.ft.com/content/a0dfedd1-5255-4fa9-8ccc-1fe01de87ea6,deepseek
https://www.bloomberg.com/news/articles/2025-01-27/nasdaq-futures-slump-as-china-s-deepseek-sparks-us-tech-concern,deepseek
https://www.404media.co/openai-furious-deepseek-might-have-stolen-all-the-data-openai-stole-from-us/,deepseek
https://i.redd.it/8839zcwx8mge1.png,deepseek
https://techstartups.com/2025/01/24/meta-ai-in-panic-mode-as-free-open-source-deepseek-outperforms-at-a-fraction-of-the-cost/,deepseek
https://www.cnbc.com/2025/01/27/deepseek-hit-with-large-scale-cyberattack-says-its-limiting-registrations.html,deepseek
https://www.reuters.com/technology/chinas-deepseek-sets-off-ai-market-rout-2025-01-27/,deepseek
https://www.theguardian.com/commentisfree/2025/feb/02/deepseek-ai-veil-of-mystique-tech-bros-fear,deepseek
https://i.redd.it/rdcz4yv79mge1.png,deepseek
https://koreajoongangdaily.joins.com/news/2025-02-17/business/industry/DeepSeek-sent-user-data-to-ByteDance-Korean-probe-finds/2243893,deepseek
https://www.reddit.com/r/VeteransBenefits/comments/1bbvlhf/has_anyone_been_investigated_for_fraud/,fraud
https://www.reddit.com/r/foodstamps/comments/196knhq/being_investigated_for_fraud_and_im_terrified/,fraud
https://www.reddit.com/r/foodstamps/comments/1itzz2o/i_am_being_accused_of_foodstamps_fraud/,fraud
https://www.reddit.com/r/legaladvicecanada/comments/1gb8zs2/fraud_under_5k/,fraud
https://www.reddit.com/r/foodstamps/comments/1f5nug7/accidental_fraud_is_my_life_ruined/,fraud
https://www.reddit.com/r/Accounting/comments/14qlcuu/is_being_asked_to_commit_fraud_actually_common/,fraud
https://www.reddit.com/r/foodstamps/comments/1feivcj/how_are_yall_being_flagged_for_fraud/,fraud
https://www.reddit.com/r/USCIS/comments/18n6twt/marriage_fraud_allegations/,fraud
https://www.cnbc.com/2025/04/25/george-santos-fraud-sentence-congress.html,fraud
https://www.reddit.com/r/wallstreetbets/comments/1jlzqwv/trump_pardons_nikola_founder_trevor_milton_in/,fraud
https://i.redd.it/yxtkfkabb4je1.jpeg,fraud
https://www.reddit.com/gallery/1kcpo1o,fraud
https://www.reddit.com/r/RealTesla/comments/1jza35r/when_did_you_realize_elon_musk_is_a_fraud/,fraud
https://i.redd.it/0ni4ngste2xe1.jpeg,fraud
https://i.redd.it/n5vsxx03aqje1.jpeg,fraud
https://i.redd.it/n9qvkgxgmbie1.png,fraud
https://v.redd.it/e5ydxr702jvd1,fraud
https://i.redd.it/pq65839tu4yd1.png,fraud
https://economictimes.indiatimes.com/news/international/global-trends/us-news-elon-musk-baselessly-claims-150-year-olds-are-collecting-social-security-in-bizarre-rant-netizens-call-him-big-lie-machine/articleshow/118215716.cms?from=mdr,fraud
https://i.redd.it/in2gi2rm0pye1.jpeg,fraud
https://i.redd.it/d1mwkvg9zzee1.jpeg,deepseek
https://v.redd.it/r4eae67h4zfe1,deepseek
https://www.reddit.com/r/ChatGPTJailbreak/comments/1jxedal/why_is_no_one_talking_about_deepseek_ai_anymore/,deepseek
https://i.redd.it/k7rjd9uubike1.jpeg,deepseek
https://www.reddit.com/r/SillyTavernAI/comments/1kfxdc1/opinion_deepseek_models_are_overrated/,deepseek
https://www.reddit.com/r/SillyTavernAI/comments/1ji9cxc/whats_the_catch_w_deepseek/,deepseek
https://www.reddit.com/r/Chub_AI/comments/1k32f2f/finally_tried_deepseek_v30324_free_results_have/,deepseek
https://www.reddit.com/r/SillyTavernAI/comments/1jxttc1/use_this_free_deepseek_v3_after_openrouters_50/,deepseek
https://www.reddit.com/r/SillyTavernAI/comments/1jk8ppf/deepseek_v3_0324_is_incredible/,deepseek
https://i.redd.it/8839zcwx8mge1.png,deepseek
https://i.redd.it/rdcz4yv79mge1.png,deepseek
https://i.redd.it/d1mwkvg9zzee1.jpeg,deepseek
https://v.redd.it/r4eae67h4zfe1,deepseek
https://www.reddit.com/r/ChatGPTJailbreak/comments/1jxedal/why_is_no_one_talking_about_deepseek_ai_anymore/,deepseek
https://i.redd.it/k7rjd9uubike1.jpeg,deepseek
https://www.reddit.com/r/SillyTavernAI/comments/1kfxdc1/opinion_deepseek_models_are_overrated/,deepseek
https://www.reddit.com/r/SillyTavernAI/comments/1ji9cxc/whats_the_catch_w_deepseek/,deepseek
https://www.reddit.com/r/Chub_AI/comments/1k32f2f/finally_tried_deepseek_v30324_free_results_have/,deepseek
https://www.reddit.com/r/SillyTavernAI/comments/1jxttc1/use_this_free_deepseek_v3_after_openrouters_50/,deepseek
https://www.reddit.com/r/SillyTavernAI/comments/1jk8ppf/deepseek_v3_0324_is_incredible/,deepseek
https://i.redd.it/8839zcwx8mge1.png,deepseek
https://i.redd.it/rdcz4yv79mge1.png,deepseek
https://www.reddit.com/gallery/1ichm8v,deepseek
https://i.redd.it/krzznjfd09ie1.jpeg,deepseek
https://i.redd.it/qvw1ryfedrfe1.png,deepseek
https://i.redd.it/n63fsur6yage1.png,deepseek
https://v.redd.it/o5tlxocoz9oe1,deepseek
https://i.redd.it/s3bu2u60axie1.png,deepseek
https://i.redd.it/sjwemucmmpge1.jpeg,deepseek
https://www.reddit.com/r/singularity/comments/1i9qrjq/the_reason_why_everyone_is_excited_for_deepseek/,deepseek
https://v.redd.it/pny013c1o1ge1,deepseek
https://i.redd.it/fbd43mw8vage1.png,deepseek
https://www.reddit.com/r/Superstonk/comments/1ibh59f/nvidia_deepseek_is_the_cover_story/,deepseek
https://www.reddit.com/r/stocks/comments/1ib4d40/what_is_chinas_deepseek_and_why_is_it_freaking/,deepseek
https://i.redd.it/syeh0rmm3fke1.jpeg,deepseek
https://www.reddit.com/r/investing/comments/1ibf2mt/markets_are_overreacting_to_deepseek/,deepseek
https://i.redd.it/c9ek0cykdlfe1.jpeg,deepseek
